Шортлист №,Похожесть,Компания (англ.),Компания (кит.),Город,Контактное лицо,Короткое название для письма,Email (основной),Модель/проект для письма,Доп. email (не слать по умолчанию),Язык письма (предложение),Включить в рассылку,Причина исключения,Источник email
1,5,"Kaiqi Group Co., Ltd.",凯奇集团有限公司,"Wenzhou (Yongjia, Qiaoxia); маркетинговый центр — Shanghai (Qingpu)",Cathy Yang (Mrs.),Kaiqi,sales@chinaplayground.com,KQ24031A (Same Frequency) and KQ24033A Tall Tower,admin@chinaplayground.com; info@kaiqi-toy.com,en,да,,https://www.chinaplayground.com/contact-us/ https://www.chinaplayground.com/
2,4,"Cowboy Group(Guangdong)Industrial Co., Ltd.",牧童集团(广东)实业有限公司,"Qingyuan (Qingcheng, Shijiao, 广清产业园); штаб-квартира — Guangzhou (по CNPP)",,Cowboy,marketing@mutonggroup.com.cn,Danali Peak (MT-01123) and Giant London Tower (MT0188),,en,да,,https://www.mt-toys.com/
3,4,"YONGLANG GROUP CO., LTD",,"Wenzhou (Yongjia, Qiaoxia)",,Yonglang,yonglang@yonglang.com,YL26910 Popular High Tower,,en,да,,https://www.yonglang.com/contact.html
4,4,"Huadong Entertainment Equipment Co., Ltd. (Huadong Play Equipment Co., Ltd / HuaDongPlay)",华东游乐设备有限公司,"Wenzhou (Yongjia, Qiaoxia / Qiaotou)",Mr. anchi,Huadong,playground@huadongplay.com,Transnational Series Tower (HD-HKG009-23106),huadongtoys@163.com,en,да,,https://www.huadongplay.com/ https://www.huadong-toy.com/
5,4,"Shanghai JEGOPLAY Facilities Group Co., Ltd. (JEGOPLAY / 季高集团)",上海季高游乐设备集团有限公司,"Shanghai (Fengxian, Zhelin Town; офис — Minhang)",Michael,JEGOPLAY,michael.z@jegoplay.com,Toffy's Lunar Airship Tower Slides,zhaixixi@jegoplay.com,en,да,,https://www.jegoplay.com/contact-us.htm; http://cn.jegoplay.com/
6,4,"Henan Shanghe Amusement Equipment Co., Ltd. (Shanghe Amusement Group)",,"Luoyang (Mengjin District, Chaoyang Town)",,Shanghe,shanghegroup@gmail.com,Reach the Peak PLUS Climbing Tower,,en,да,,https://www.shangheyoule.com/Contact-Us/
7,4,"Guangzhou Kira Amusement Equipment Co., Ltd (KIRA Group)",广州奇乐游乐设备有限公司,"Guangzhou (офис Huangpu, 科学城; завод Huadu)",,Kira,info@kiraplayground.com,Panda Tower project,81350698@qq.com,en,да,,https://www.kiraplayground.com/project_nc2 http://www.shuijinta.com/List/index/cid/73.html
8,4,"Nanjing Pegasus Recreation Equipment Co., Ltd. (brand Cheer Amusement)",南京派格斯游乐设备有限公司,"Nanjing (Jiangning, Airport Industrial Park)",,Cheer Amusement,info4@playground.cn,outdoor adventure parks and stainless steel slide parks,,en,да,,https://www.cheeramusement.com/
10,3,"Inqila Industrial (Shanghai) Co., Ltd.",,"Shanghai (Jinshan, Shanyang Town)",,Inqila,inqila2@inqila.com,custom HPL playgrounds with stainless spiral tube slides,,en,да,,https://inqilaplay.com/contact/
11,3,"Guangdong Family of Childhood Industrial Co., Ltd.",广东童年之家实业有限公司,"Qingyuan (Shijiao Town, Guangqing Industrial Zone)",Jewel,Family of Childhood,sales9@childhoodtoys.cn,HPL Series Space Theme playground,sales7@childhoodtoys.cn; sales@childhoodtoys.cn,en,да,,https://www.familyofchildhood.com/about-us-family-of-childhood/ https://www.familyofchildhood.com/
12,3,"ZZRS Amusement Equipment Co., Ltd. (Zhejiang Zhengzhengrishang / 'thriving' Amusement Equipment)",蒸蒸日上游乐设备有限公司,"Wenzhou (Yongjia, Qiaoxia)",Cyrus (Mr.),ZZRS,info@zzrsplay.com,Caesar Castle (25KS001) and Giant Treehouse (25MJ007),,en,да,,https://www.zzrsplay.com/contact-us.html https://www.zzrsplay.com/
13,3,"Wenzhou J&Bell Amusement Equipment Co., Ltd (Wenzhou IN.BELL Amusement Equipment Co. Ltd.)",温州吉宝游乐设备有限公司,"Wenzhou (Yongjia, Qiaoxia)",刘女士,吉宝游乐,3348267282@qq.com,户外非标游乐设备 / 不锈钢滑梯,alvin@jibaotoy.com,zh,да,,http://www.jibaotoy.com/ https://www.injbellplayground.com/contactus/
14,3,"Nanjing Wande Sports Industry Group Co., Ltd. (Wandeplay)",南京万德体育产业集团有限公司,Nanjing (Lishui),,Wande,sales11@wandeplay.com.cn,Outdoor High Towing Tower (WD-15011200),,en,да,,https://www.wandeplay.com/contactus.html
,3,"Guangzhou Qizhi Toys Co., Ltd.",,Guangzhou (Nansha),Ocean Zhou (Mr.),奇智,qizitoy@qq.com,,,zh,да,,https://www.qizitoy.com/
,3,"Guangzhou Zhongli Amusement Equipment Group Co., Ltd.",广州中力游乐设备集团有限公司,Guangzhou (Huadu) — офис; завод в Qingyuan (高新区),Mr. Chen,中力游乐,MIAO@zhongliyoule.com,,,zh,да,,https://zhongliyoule.com/
,3,"Huaxia Amusement Co., Ltd. (brand Vasia)",华夏游乐有限公司,"Wenzhou (Yongjia, Qiaoxia)",Mrs. CiCi,Vasia,sale1@huaxiatoys.com,,huaxiatoys@huaxiatoys.com,en,да,,https://www.vasiaplayground.com/contactus.html https://www.vasiaplayground.com/contactus.html
,3,"Liben Group Wenzhou Toy Co., Ltd. (Liben Group Corporation / LibenPlay; DBA Kidsventure Playground INC)",立本集团温州玩具有限公司,"Wenzhou (Yongjia, Qiaoxia)",Nancy Lin (ru-версия сайта),Liben,exp16@libenplay.com,,info@libenplay.com; libenplaymkt@gmail.com,en,да,,https://www.chinasplayground.com/contact-us https://ru.liben-playground.com/
,3,"Qitele Group Co., Ltd. (QITELE)",,"Wenzhou (Yongjia, Qiaoxia)",Ms. Annie,Qitele,info@qitele.com,,,en,да,,https://www.qitele.com/
,3,"Sichuan Dexiya Amusement Equipment Co., Ltd. (德西亚游乐)",四川德西亚游乐设备有限公司,Chengdu (Chongzhou Economic Development Zone),,Dexiya,dxy@dexiya.com,,,en,да,,https://www.dexiya.com/contact/
,3,"Wenzhou Alita Technology Co., Ltd.",,"Wenzhou (Lucheng, Wuma Street)",Crystal (Ms.),Alita,crystal@alitaplay.com,,,en,да,,https://www.alitaplay.com/
,3,"Wenzhou Haoxiang Amusement Toys Co., Ltd.",温州浩翔游乐玩具有限公司,"Wenzhou (Yongjia, Qiaoxia)",Ms. Winnie Hu (Foreign Trade Department),Haoxiang,winnie@hoxiangtoy.com,,,en,да,,http://en.hxtoy.cc/
,3,"Zhengzhou Hanlin Amusement Equipment Manufacturing Co., Ltd. (汉林游乐)",郑州汉林游乐设备制造有限公司,Zhengzhou (Shangjie District),,汉林游乐,zhengzhouhanlinwudongliyo@hanlinyoule.com,,,zh,да,,https://www.hanlinyoule.com/h-col-102.html
,3,,广州欢乐岛康体设备有限公司,"Guangzhou (офис/бренд); завод — Foshan (Sanshui, Datang)",,欢乐岛,hldtoy@163.com,,,zh,да,,http://www.hldtoy.net/cn/singlepage-216321-2.html
,3,,惠州市童欣康体游乐玩具有限公司,"Huizhou (Ma'an Town, Xinhu Industrial Zone)",,童欣,waterslide@txssly.com,,waterentertainment@txssly.com; waterpark@txssly.com,zh,да,,http://www.txltoy.com/contact.html
,2,"Beijing YIDELI Amusement Equipment Co., Ltd. (Yideli Group / Hubei Yideli Cultural and Tourism Group)",北京易德利游乐设备有限公司,"Beijing (Tongzhou, Songzhuang); Anlu, Hubei",Vincent Gao (команда на IAAPA Expo Asia 2026),YIDELI,ydel@ydel.com,,,en,нет,похожесть 1-2 (не профиль),http://www.ydel.com/list-69-1.html
,2,"Cangzhou Warrior Outward Bound Appliance Co., Ltd. (Warrior / 勇士拓展)",,Cangzhou (Qing County); офис — Tianjin Binhai High-Tech Zone,,Warrior,seven@warriorexpand.com,,,en,нет,похожесть 1-2 (не профиль),https://www.warriorexpand.com/Contact.html
,2,"Guangzhou Colorful Play Equipment Co.,Ltd.",,Guangzhou (Zengcheng),,Colorful Play,sales@colorfulplay.com,,,en,нет,похожесть 1-2 (не профиль),https://www.colorfulplay.com/e_contact/
,2,"Hangzhou Hogwood Amusement Equipment Co., Ltd.",,Hangzhou (Linping),Mr. Jack (MIC),Hogwood,info@hogwood.cn,,,en,нет,похожесть 1-2 (не профиль),https://www.hogwoodplay.com/
,2,"Zhejiang Yili Amusement Equipment Co., Ltd (YILI PLAY)",,"Wenzhou (Yongjia, Qiaoxia)",,YILI PLAY,caser@yiliplay.com,,,en,нет,похожесть 1-2 (не профиль),https://www.yiliplay.com/contact-us/
,2,,广州市乐天游乐设备有限公司,"Qingyuan (Qingcheng, Longtang, 嘉福工业区); бренд позиционируется как Guangzhou",,乐天游乐,lt@lettoy.com,,,zh,нет,похожесть 1-2 (не профиль),https://www.lettoy.com/
,1,"Guangzhou Vanhon Co., Ltd. (HAPPY ELEPHANT)",广州市万虹实业有限公司,"Guangzhou (Panyu, Dalong)",Leo (Директор),Happy Elephant,happyelephant01@163.com,,happyelephant01@mail.ru,zh,нет,похожесть 1-2 (не профиль),https://labirint-cn.ru/contacti.html
